,mean_fit_time,std_fit_time,mean_score_time,std_score_time,param_colsample_bytree,param_learning_rate,param_max_depth,param_n_estimators,param_subsample,params,split0_test_accuracy,split1_test_accuracy,split2_test_accuracy,split3_test_accuracy,split4_test_accuracy,mean_test_accuracy,std_test_accuracy,rank_test_accuracy,split0_test_roc_auc,split1_test_roc_auc,split2_test_roc_auc,split3_test_roc_auc,split4_test_roc_auc,mean_test_roc_auc,std_test_roc_auc,rank_test_roc_auc
0,0.03450770378112793,0.003484434312393763,0.005780935287475586,0.0019951000894693287,0.7,0.01,3,150,0.7,"{'colsample_bytree': 0.7, 'learning_rate': 0.01, 'max_depth': 3, 'n_estimators': 150, 'subsample': 0.7}",0.4583333333333333,0.4166666666666667,0.5416666666666666,0.4583333333333333,0.5416666666666666,0.4833333333333333,0.04999999999999998,1,,,,,,,,1
1,0.035536003112792966,0.005335191143476805,0.004927921295166016,0.0037291761346654032,0.7,0.01,3,150,0.8,"{'colsample_bytree': 0.7, 'learning_rate': 0.01, 'max_depth': 3, 'n_estimators': 150, 'subsample': 0.8}",0.4583333333333333,0.4166666666666667,0.5416666666666666,0.4583333333333333,0.5416666666666666,0.4833333333333333,0.04999999999999998,1,,,,,,,,1
2,0.030197525024414064,0.004749951955776377,0.004782438278198242,0.0026491115740171654,0.7,0.01,3,150,0.9,"{'colsample_bytree': 0.7, 'learning_rate': 0.01, 'max_depth': 3, 'n_estimators': 150, 'subsample': 0.9}",0.4166666666666667,0.375,0.5416666666666666,0.4583333333333333,0.5416666666666666,0.4666666666666667,0.06666666666666665,94,,,,,,,,1
3,0.05606875419616699,0.003129227393334119,0.0036157608032226563,0.00314595436437407,0.7,0.01,3,300,0.7,"{'colsample_bytree': 0.7, 'learning_rate': 0.01, 'max_depth': 3, 'n_estimators': 300, 'subsample': 0.7}",0.4166666666666667,0.4166666666666667,0.5416666666666666,0.4583333333333333,0.5416666666666666,0.475,0.05651941652604388,9,,,,,,,,1
4,0.05590786933898926,0.005950803269405157,0.004910039901733399,0.004013582476146507,0.7,0.01,3,300,0.8,"{'colsample_bytree': 0.7, 'learning_rate': 0.01, 'max_depth': 3, 'n_estimators': 300, 'subsample': 0.8}",0.4166666666666667,0.4166666666666667,0.5416666666666666,0.4583333333333333,0.5416666666666666,0.475,0.05651941652604388,9,,,,,,,,1
5,0.06080098152160644,0.0032377059273064833,0.0014183521270751953,0.001840715947658322,0.7,0.01,3,300,0.9,"{'colsample_bytree': 0.7, 'learning_rate': 0.01, 'max_depth': 3, 'n_estimators': 300, 'subsample': 0.9}",0.4166666666666667,0.375,0.5416666666666666,0.4583333333333333,0.5416666666666666,0.4666666666666667,0.06666666666666665,94,,,,,,,,1
6,0.029262304306030273,0.0055240863261081736,0.003528928756713867,0.003031816499328018,0.7,0.01,5,150,0.7,"{'colsample_bytree': 0.7, 'learning_rate': 0.01, 'max_depth': 5, 'n_estimators': 150, 'subsample': 0.7}",0.4583333333333333,0.4166666666666667,0.5416666666666666,0.4583333333333333,0.5416666666666666,0.4833333333333333,0.04999999999999998,1,,,,,,,,1
7,0.025244474411010742,0.006014256936769925,0.005739068984985352,0.004685930203948895,0.7,0.01,5,150,0.8,"{'colsample_bytree': 0.7, 'learning_rate': 0.01, 'max_depth': 5, 'n_estimators': 150, 'subsample': 0.8}",0.4166666666666667,0.4166666666666667,0.5416666666666666,0.4583333333333333,0.5416666666666666,0.475,0.05651941652604388,9,,,,,,,,1
8,0.031678056716918944,0.0013490786700972746,0.0023119449615478516,0.00286951233681439,0.7,0.01,5,150,0.9,"{'colsample_bytree': 0.7, 'learning_rate': 0.01, 'max_depth': 5, 'n_estimators': 150, 'subsample': 0.9}",0.4166666666666667,0.375,0.5416666666666666,0.4583333333333333,0.5416666666666666,0.4666666666666667,0.06666666666666665,94,,,,,,,,1
9,0.05599970817565918,0.007496877835332099,0.005230998992919922,0.00040491144961132076,0.7,0.01,5,300,0.7,"{'colsample_bytree': 0.7, 'learning_rate': 0.01, 'max_depth': 5, 'n_estimators': 300, 'subsample': 0.7}",0.4166666666666667,0.4166666666666667,0.5416666666666666,0.4583333333333333,0.5416666666666666,0.475,0.05651941652604388,9,,,,,,,,1
10,0.054910707473754886,0.004736063504381098,0.004016971588134766,0.0023735781662136348,0.7,0.01,5,300,0.8,"{'colsample_bytree': 0.7, 'learning_rate': 0.01, 'max_depth': 5, 'n_estimators': 300, 'subsample': 0.8}",0.4166666666666667,0.4166666666666667,0.5416666666666666,0.4583333333333333,0.5416666666666666,0.475,0.05651941652604388,9,,,,,,,,1
11,0.06835927963256835,0.007752881589725154,0.002209758758544922,0.0023167216464815383,0.7,0.01,5,300,0.9,"{'colsample_bytree': 0.7, 'learning_rate': 0.01, 'max_depth': 5, 'n_estimators': 300, 'subsample': 0.9}",0.4166666666666667,0.375,0.5416666666666666,0.4583333333333333,0.5416666666666666,0.4666666666666667,0.06666666666666665,94,,,,,,,,1
12,0.031045198440551758,0.009520010869268009,0.003013467788696289,0.0024604970983144042,0.7,0.01,7,150,0.7,"{'colsample_bytree': 0.7, 'learning_rate': 0.01, 'max_depth': 7, 'n_estimators': 150, 'subsample': 0.7}",0.4583333333333333,0.4166666666666667,0.5416666666666666,0.4583333333333333,0.5416666666666666,0.4833333333333333,0.04999999999999998,1,,,,,,,,1
13,0.03204464912414551,0.0023498880154303376,0.0016087532043457032,0.0018559426971224084,0.7,0.01,7,150,0.8,"{'colsample_bytree': 0.7, 'learning_rate': 0.01, 'max_depth': 7, 'n_estimators': 150, 'subsample': 0.8}",0.4166666666666667,0.4166666666666667,0.5416666666666666,0.4583333333333333,0.5416666666666666,0.475,0.05651941652604388,9,,,,,,,,1
14,0.03555479049682617,0.0032747256630153154,0.002608633041381836,0.0022529111826007364,0.7,0.01,7,150,0.9,"{'colsample_bytree': 0.7, 'learning_rate': 0.01, 'max_depth': 7, 'n_estimators': 150, 'subsample': 0.9}",0.4166666666666667,0.375,0.5416666666666666,0.4583333333333333,0.5416666666666666,0.4666666666666667,0.06666666666666665,94,,,,,,,,1
15,0.05583343505859375,0.0022541005098150914,0.0010022640228271485,0.002004528045654297,0.7,0.01,7,300,0.7,"{'colsample_bytree': 0.7, 'learning_rate': 0.01, 'max_depth': 7, 'n_estimators': 300, 'subsample': 0.7}",0.4166666666666667,0.4166666666666667,0.5416666666666666,0.4583333333333333,0.5416666666666666,0.475,0.05651941652604388,9,,,,,,,,1
16,0.06137723922729492,0.005159366799358148,0.0010075569152832031,0.0020151138305664062,0.7,0.01,7,300,0.8,"{'colsample_bytree': 0.7, 'learning_rate': 0.01, 'max_depth': 7, 'n_estimators': 300, 'subsample': 0.8}",0.4166666666666667,0.4166666666666667,0.5416666666666666,0.4583333333333333,0.5416666666666666,0.475,0.05651941652604388,9,,,,,,,,1
17,0.06145386695861817,0.007390356561487142,0.004224061965942383,0.0038360369980097895,0.7,0.01,7,300,0.9,"{'colsample_bytree': 0.7, 'learning_rate': 0.01, 'max_depth': 7, 'n_estimators': 300, 'subsample': 0.9}",0.4166666666666667,0.375,0.5416666666666666,0.4583333333333333,0.5416666666666666,0.4666666666666667,0.06666666666666665,94,,,,,,,,1
18,0.02621774673461914,0.003710528476120992,0.0016087532043457032,0.0019944599853612514,0.7,0.1,3,150,0.7,"{'colsample_bytree': 0.7, 'learning_rate': 0.1, 'max_depth': 3, 'n_estimators': 150, 'subsample': 0.7}",0.4166666666666667,0.4166666666666667,0.5416666666666666,0.4583333333333333,0.5416666666666666,0.475,0.05651941652604388,9,,,,,,,,1
19,0.022598791122436523,0.0019708774228443513,0.0030090808868408203,0.0024569159303373554,0.7,0.1,3,150,0.8,"{'colsample_bytree': 0.7, 'learning_rate': 0.1, 'max_depth': 3, 'n_estimators': 150, 'subsample': 0.8}",0.4166666666666667,0.4166666666666667,0.5416666666666666,0.4583333333333333,0.5416666666666666,0.475,0.05651941652604388,9,,,,,,,,1
20,0.025401878356933593,0.0044481503856060416,0.0027066707611083985,0.0034954635017530474,0.7,0.1,3,150,0.9,"{'colsample_bytree': 0.7, 'learning_rate': 0.1, 'max_depth': 3, 'n_estimators': 150, 'subsample': 0.9}",0.4166666666666667,0.4166666666666667,0.5416666666666666,0.4583333333333333,0.5416666666666666,0.475,0.05651941652604388,9,,,,,,,,1
21,0.04177732467651367,0.00203846702460712,0.004012584686279297,0.0029674482163180894,0.7,0.1,3,300,0.7,"{'colsample_bytree': 0.7, 'learning_rate': 0.1, 'max_depth': 3, 'n_estimators': 300, 'subsample': 0.7}",0.4166666666666667,0.4166666666666667,0.5416666666666666,0.4583333333333333,0.5416666666666666,0.475,0.05651941652604388,9,,,,,,,,1
22,0.04286937713623047,0.0014854722284658652,0.0020079612731933594,0.0024592476678355346,0.7,0.1,3,300,0.8,"{'colsample_bytree': 0.7, 'learning_rate': 0.1, 'max_depth': 3, 'n_estimators': 300, 'subsample': 0.8}",0.4166666666666667,0.4166666666666667,0.5416666666666666,0.4583333333333333,0.5416666666666666,0.475,0.05651941652604388,9,,,,,,,,1
23,0.043587255477905276,0.005466959266188765,0.0010062694549560548,0.0020125389099121095,0.7,0.1,3,300,0.9,"{'colsample_bytree': 0.7, 'learning_rate': 0.1, 'max_depth': 3, 'n_estimators': 300, 'subsample': 0.9}",0.4166666666666667,0.4166666666666667,0.5416666666666666,0.4583333333333333,0.5416666666666666,0.475,0.05651941652604388,9,,,,,,,,1
24,0.024008893966674806,0.003939687326866683,0.003912496566772461,0.0022510133923903273,0.7,0.1,5,150,0.7,"{'colsample_bytree': 0.7, 'learning_rate': 0.1, 'max_depth': 5, 'n_estimators': 150, 'subsample': 0.7}",0.4166666666666667,0.4166666666666667,0.5416666666666666,0.4583333333333333,0.5416666666666666,0.475,0.05651941652604388,9,,,,,,,,1
25,0.02731804847717285,0.003673563058613845,0.003314352035522461,0.0032276131380894334,0.7,0.1,5,150,0.8,"{'colsample_bytree': 0.7, 'learning_rate': 0.1, 'max_depth': 5, 'n_estimators': 150, 'subsample': 0.8}",0.4166666666666667,0.4166666666666667,0.5416666666666666,0.4583333333333333,0.5416666666666666,0.475,0.05651941652604388,9,,,,,,,,1
26,0.024405956268310547,0.003486104582493257,0.0029160022735595704,0.0019649123243841303,0.7,0.1,5,150,0.9,"{'colsample_bytree': 0.7, 'learning_rate': 0.1, 'max_depth': 5, 'n_estimators': 150, 'subsample': 0.9}",0.4166666666666667,0.4166666666666667,0.5416666666666666,0.4583333333333333,0.5416666666666666,0.475,0.05651941652604388,9,,,,,,,,1
27,0.043490028381347655,0.0017182333418965065,0.0022068023681640625,0.0027219113401146617,0.7,0.1,5,300,0.7,"{'colsample_bytree': 0.7, 'learning_rate': 0.1, 'max_depth': 5, 'n_estimators': 300, 'subsample': 0.7}",0.4166666666666667,0.4166666666666667,0.5416666666666666,0.4583333333333333,0.5416666666666666,0.475,0.05651941652604388,9,,,,,,,,1
28,0.04479851722717285,0.004634002369773784,0.006319379806518555,0.002266450515761352,0.7,0.1,5,300,0.8,"{'colsample_bytree': 0.7, 'learning_rate': 0.1, 'max_depth': 5, 'n_estimators': 300, 'subsample': 0.8}",0.4166666666666667,0.4166666666666667,0.5416666666666666,0.4583333333333333,0.5416666666666666,0.475,0.05651941652604388,9,,,,,,,,1
29,0.04207491874694824,0.0016600971674880472,0.0027186393737792967,0.0022865355024667363,0.7,0.1,5,300,0.9,"{'colsample_bytree': 0.7, 'learning_rate': 0.1, 'max_depth': 5, 'n_estimators': 300, 'subsample': 0.9}",0.4166666666666667,0.4166666666666667,0.5416666666666666,0.4583333333333333,0.5416666666666666,0.475,0.05651941652604388,9,,,,,,,,1
30,0.024103355407714844,0.0014133789709081476,0.0009063720703125,0.001205359401985199,0.7,0.1,7,150,0.7,"{'colsample_bytree': 0.7, 'learning_rate': 0.1, 'max_depth': 7, 'n_estimators': 150, 'subsample': 0.7}",0.4166666666666667,0.4166666666666667,0.5416666666666666,0.4583333333333333,0.5416666666666666,0.475,0.05651941652604388,9,,,,,,,,1
31,0.024703121185302733,0.002876345269490638,0.0016077518463134765,0.002066244238710368,0.7,0.1,7,150,0.8,"{'colsample_bytree': 0.7, 'learning_rate': 0.1, 'max_depth': 7, 'n_estimators': 150, 'subsample': 0.8}",0.4166666666666667,0.4166666666666667,0.5416666666666666,0.4583333333333333,0.5416666666666666,0.475,0.05651941652604388,9,,,,,,,,1
32,0.02351241111755371,0.0020529735479857987,0.0010019302368164062,0.0020038604736328123,0.7,0.1,7,150,0.9,"{'colsample_bytree': 0.7, 'learning_rate': 0.1, 'max_depth': 7, 'n_estimators': 150, 'subsample': 0.9}",0.4166666666666667,0.4166666666666667,0.5416666666666666,0.4583333333333333,0.5416666666666666,0.475,0.05651941652604388,9,,,,,,,,1
33,0.047190189361572266,0.002364636188698513,0.0009119987487792968,0.0012133517636462052,0.7,0.1,7,300,0.7,"{'colsample_bytree': 0.7, 'learning_rate': 0.1, 'max_depth': 7, 'n_estimators': 300, 'subsample': 0.7}",0.4166666666666667,0.4166666666666667,0.5416666666666666,0.4583333333333333,0.5416666666666666,0.475,0.05651941652604388,9,,,,,,,,1
34,0.043379926681518556,0.0047748310840315545,0.0031160354614257813,0.002343073151867526,0.7,0.1,7,300,0.8,"{'colsample_bytree': 0.7, 'learning_rate': 0.1, 'max_depth': 7, 'n_estimators': 300, 'subsample': 0.8}",0.4166666666666667,0.4166666666666667,0.5416666666666666,0.4583333333333333,0.5416666666666666,0.475,0.05651941652604388,9,,,,,,,,1
35,0.04126973152160644,0.004196426311521278,0.007243299484252929,0.0037420110105719447,0.7,0.1,7,300,0.9,"{'colsample_bytree': 0.7, 'learning_rate': 0.1, 'max_depth': 7, 'n_estimators': 300, 'subsample': 0.9}",0.4166666666666667,0.4166666666666667,0.5416666666666666,0.4583333333333333,0.5416666666666666,0.475,0.05651941652604388,9,,,,,,,,1
36,0.029439783096313475,0.002328466907075345,0.0030092716217041014,0.0024570758806275587,0.8,0.01,3,150,0.7,"{'colsample_bytree': 0.8, 'learning_rate': 0.01, 'max_depth': 3, 'n_estimators': 150, 'subsample': 0.7}",0.4583333333333333,0.4166666666666667,0.5416666666666666,0.4583333333333333,0.5416666666666666,0.4833333333333333,0.04999999999999998,1,,,,,,,,1
37,0.031144142150878906,0.0008484584659359689,0.004925775527954102,0.004858597078928304,0.8,0.01,3,150,0.8,"{'colsample_bytree': 0.8, 'learning_rate': 0.01, 'max_depth': 3, 'n_estimators': 150, 'subsample': 0.8}",0.4583333333333333,0.4166666666666667,0.5416666666666666,0.4583333333333333,0.5416666666666666,0.4833333333333333,0.04999999999999998,1,,,,,,,,1
38,0.03184952735900879,0.004074101224260081,0.004629182815551758,0.004797746217278087,0.8,0.01,3,150,0.9,"{'colsample_bytree': 0.8, 'learning_rate': 0.01, 'max_depth': 3, 'n_estimators': 150, 'subsample': 0.9}",0.4166666666666667,0.4166666666666667,0.5416666666666666,0.4583333333333333,0.5416666666666666,0.475,0.05651941652604388,9,,,,,,,,1
39,0.05444278717041016,0.0022618935011335228,0.0016192913055419922,0.0020895639342002753,0.8,0.01,3,300,0.7,"{'colsample_bytree': 0.8, 'learning_rate': 0.01, 'max_depth': 3, 'n_estimators': 300, 'subsample': 0.7}",0.4166666666666667,0.4166666666666667,0.5416666666666666,0.4583333333333333,0.5416666666666666,0.475,0.05651941652604388,9,,,,,,,,1
40,0.057674741744995116,0.004155871752281415,0.004515933990478516,0.0023313268519129884,0.8,0.01,3,300,0.8,"{'colsample_bytree': 0.8, 'learning_rate': 0.01, 'max_depth': 3, 'n_estimators': 300, 'subsample': 0.8}",0.4166666666666667,0.4166666666666667,0.5416666666666666,0.4583333333333333,0.5416666666666666,0.475,0.05651941652604388,9,,,,,,,,1
41,0.057268953323364256,0.002092280102672436,0.004814672470092774,0.000987653346964216,0.8,0.01,3,300,0.9,"{'colsample_bytree': 0.8, 'learning_rate': 0.01, 'max_depth': 3, 'n_estimators': 300, 'subsample': 0.9}",0.4166666666666667,0.375,0.5416666666666666,0.4583333333333333,0.5416666666666666,0.4666666666666667,0.06666666666666665,94,,,,,,,,1
42,0.03235149383544922,0.0055546470849768955,0.0034135818481445313,0.002879944193365695,0.8,0.01,5,150,0.7,"{'colsample_bytree': 0.8, 'learning_rate': 0.01, 'max_depth': 5, 'n_estimators': 150, 'subsample': 0.7}",0.4583333333333333,0.4166666666666667,0.5416666666666666,0.4583333333333333,0.5416666666666666,0.4833333333333333,0.04999999999999998,1,,,,,,,,1
43,0.03486337661743164,0.00501779829454686,0.003816032409667969,0.0021458676346485833,0.8,0.01,5,150,0.8,"{'colsample_bytree': 0.8, 'learning_rate': 0.01, 'max_depth': 5, 'n_estimators': 150, 'subsample': 0.8}",0.4166666666666667,0.4166666666666667,0.5416666666666666,0.4583333333333333,0.5416666666666666,0.475,0.05651941652604388,9,,,,,,,,1
44,0.03627877235412598,0.0035469755283054805,0.004013967514038086,0.002007003964533906,0.8,0.01,5,150,0.9,"{'colsample_bytree': 0.8, 'learning_rate': 0.01, 'max_depth': 5, 'n_estimators': 150, 'subsample': 0.9}",0.4166666666666667,0.4166666666666667,0.5416666666666666,0.4583333333333333,0.5416666666666666,0.475,0.05651941652604388,9,,,,,,,,1
45,0.059857749938964845,0.0026188106346750084,0.0021086692810058593,0.001913455405538622,0.8,0.01,5,300,0.7,"{'colsample_bytree': 0.8, 'learning_rate': 0.01, 'max_depth': 5, 'n_estimators': 300, 'subsample': 0.7}",0.4166666666666667,0.4166666666666667,0.5416666666666666,0.4583333333333333,0.5416666666666666,0.475,0.05651941652604388,9,,,,,,,,1
46,0.06026463508605957,0.005480814534554675,0.0020093441009521483,0.0024609352972732963,0.8,0.01,5,300,0.8,"{'colsample_bytree': 0.8, 'learning_rate': 0.01, 'max_depth': 5, 'n_estimators': 300, 'subsample': 0.8}",0.4166666666666667,0.4166666666666667,0.5416666666666666,0.4583333333333333,0.5416666666666666,0.475,0.05651941652604388,9,,,,,,,,1
47,0.06097621917724609,0.006918869429892253,0.0023152828216552734,0.0022419096793610603,0.8,0.01,5,300,0.9,"{'colsample_bytree': 0.8, 'learning_rate': 0.01, 'max_depth': 5, 'n_estimators': 300, 'subsample': 0.9}",0.4166666666666667,0.375,0.5416666666666666,0.4583333333333333,0.5416666666666666,0.4666666666666667,0.06666666666666665,94,,,,,,,,1
48,0.033041763305664065,0.005822761323634083,0.002007150650024414,0.0024582550503979964,0.8,0.01,7,150,0.7,"{'colsample_bytree': 0.8, 'learning_rate': 0.01, 'max_depth': 7, 'n_estimators': 150, 'subsample': 0.7}",0.4583333333333333,0.4166666666666667,0.5416666666666666,0.4583333333333333,0.5416666666666666,0.4833333333333333,0.04999999999999998,1,,,,,,,,1
49,0.03353452682495117,0.004456562914582273,0.0011155128479003907,0.001292579147635914,0.8,0.01,7,150,0.8,"{'colsample_bytree': 0.8, 'learning_rate': 0.01, 'max_depth': 7, 'n_estimators': 150, 'subsample': 0.8}",0.4166666666666667,0.4166666666666667,0.5416666666666666,0.4583333333333333,0.5416666666666666,0.475,0.05651941652604388,9,,,,,,,,1
50,0.03434057235717773,0.002734402273479273,0.0020082950592041015,0.0024596595025370748,0.8,0.01,7,150,0.9,"{'colsample_bytree': 0.8, 'learning_rate': 0.01, 'max_depth': 7, 'n_estimators': 150, 'subsample': 0.9}",0.4166666666666667,0.4166666666666667,0.5416666666666666,0.4583333333333333,0.5416666666666666,0.475,0.05651941652604388,9,,,,,,,,1
51,0.05745224952697754,0.0032678954244421423,0.0005021095275878906,0.0010042190551757812,0.8,0.01,7,300,0.7,"{'colsample_bytree': 0.8, 'learning_rate': 0.01, 'max_depth': 7, 'n_estimators': 300, 'subsample': 0.7}",0.4166666666666667,0.4166666666666667,0.5416666666666666,0.4583333333333333,0.5416666666666666,0.475,0.05651941652604388,9,,,,,,,,1
52,0.060861396789550784,0.0016648532624564118,0.003216552734375,0.004378804929960794,0.8,0.01,7,300,0.8,"{'colsample_bytree': 0.8, 'learning_rate': 0.01, 'max_depth': 7, 'n_estimators': 300, 'subsample': 0.8}",0.4166666666666667,0.4166666666666667,0.5416666666666666,0.4583333333333333,0.5416666666666666,0.475,0.05651941652604388,9,,,,,,,,1
53,0.05891141891479492,0.0044921047765352495,0.0028089046478271484,0.0036674475803768333,0.8,0.01,7,300,0.9,"{'colsample_bytree': 0.8, 'learning_rate': 0.01, 'max_depth': 7, 'n_estimators': 300, 'subsample': 0.9}",0.4166666666666667,0.375,0.5416666666666666,0.4583333333333333,0.5416666666666666,0.4666666666666667,0.06666666666666665,94,,,,,,,,1
54,0.024806642532348634,0.002407716138916215,0.00281219482421875,0.003312603996586193,0.8,0.1,3,150,0.7,"{'colsample_bytree': 0.8, 'learning_rate': 0.1, 'max_depth': 3, 'n_estimators': 150, 'subsample': 0.7}",0.4166666666666667,0.4166666666666667,0.5416666666666666,0.4583333333333333,0.5416666666666666,0.475,0.05651941652604388,9,,,,,,,,1
55,0.02440533638000488,0.002651827850187385,0.0030126571655273438,0.0024598343875206355,0.8,0.1,3,150,0.8,"{'colsample_bytree': 0.8, 'learning_rate': 0.1, 'max_depth': 3, 'n_estimators': 150, 'subsample': 0.8}",0.4166666666666667,0.4166666666666667,0.5416666666666666,0.4583333333333333,0.5416666666666666,0.475,0.05651941652604388,9,,,,,,,,1
56,0.025606536865234376,0.0025977661760190947,0.0033138275146484377,0.0032245950324729686,0.8,0.1,3,150,0.9,"{'colsample_bytree': 0.8, 'learning_rate': 0.1, 'max_depth': 3, 'n_estimators': 150, 'subsample': 0.9}",0.4166666666666667,0.4166666666666667,0.5416666666666666,0.4583333333333333,0.5416666666666666,0.475,0.05651941652604388,9,,,,,,,,1
57,0.04308419227600098,0.004099172511685845,0.002012157440185547,0.0024643796206297577,0.8,0.1,3,300,0.7,"{'colsample_bytree': 0.8, 'learning_rate': 0.1, 'max_depth': 3, 'n_estimators': 300, 'subsample': 0.7}",0.4166666666666667,0.4166666666666667,0.5416666666666666,0.4583333333333333,0.5416666666666666,0.475,0.05651941652604388,9,,,,,,,,1
58,0.04461541175842285,0.002423928715952525,0.002011013031005859,0.002462991355745452,0.8,0.1,3,300,0.8,"{'colsample_bytree': 0.8, 'learning_rate': 0.1, 'max_depth': 3, 'n_estimators': 300, 'subsample': 0.8}",0.4166666666666667,0.4166666666666667,0.5416666666666666,0.4583333333333333,0.5416666666666666,0.475,0.05651941652604388,9,,,,,,,,1
59,0.04270648956298828,0.002173244004182537,0.0010106563568115234,0.002021312713623047,0.8,0.1,3,300,0.9,"{'colsample_bytree': 0.8, 'learning_rate': 0.1, 'max_depth': 3, 'n_estimators': 300, 'subsample': 0.9}",0.4166666666666667,0.4166666666666667,0.5416666666666666,0.4583333333333333,0.5416666666666666,0.475,0.05651941652604388,9,,,,,,,,1
60,0.02299785614013672,0.0025902099389877994,0.004017543792724609,0.002008778588732997,0.8,0.1,5,150,0.7,"{'colsample_bytree': 0.8, 'learning_rate': 0.1, 'max_depth': 5, 'n_estimators': 150, 'subsample': 0.7}",0.4166666666666667,0.4166666666666667,0.5416666666666666,0.4583333333333333,0.5416666666666666,0.475,0.05651941652604388,9,,,,,,,,1
61,0.02410745620727539,0.0015472320233303615,0.0034135818481445313,0.0024247483708119,0.8,0.1,5,150,0.8,"{'colsample_bytree': 0.8, 'learning_rate': 0.1, 'max_depth': 5, 'n_estimators': 150, 'subsample': 0.8}",0.4166666666666667,0.4166666666666667,0.5416666666666666,0.4583333333333333,0.5416666666666666,0.475,0.05651941652604388,9,,,,,,,,1
62,0.02751312255859375,0.002151714045410094,0.0030144691467285157,0.004017664785770647,0.8,0.1,5,150,0.9,"{'colsample_bytree': 0.8, 'learning_rate': 0.1, 'max_depth': 5, 'n_estimators': 150, 'subsample': 0.9}",0.4166666666666667,0.4166666666666667,0.5416666666666666,0.4583333333333333,0.5416666666666666,0.475,0.05651941652604388,9,,,,,,,,1
63,0.04360737800598145,0.005573593211782147,0.004416847229003906,0.002881607855911281,0.8,0.1,5,300,0.7,"{'colsample_bytree': 0.8, 'learning_rate': 0.1, 'max_depth': 5, 'n_estimators': 300, 'subsample': 0.7}",0.4166666666666667,0.4166666666666667,0.5416666666666666,0.4583333333333333,0.5416666666666666,0.475,0.05651941652604388,9,,,,,,,,1
64,0.041929197311401364,0.0039251752376829,0.002012777328491211,0.0024651388498292937,0.8,0.1,5,300,0.8,"{'colsample_bytree': 0.8, 'learning_rate': 0.1, 'max_depth': 5, 'n_estimators': 300, 'subsample': 0.8}",0.4166666666666667,0.4166666666666667,0.5416666666666666,0.4583333333333333,0.5416666666666666,0.475,0.05651941652604388,9,,,,,,,,1
65,0.05378170013427734,0.013088619327349683,0.00020608901977539062,0.00041217803955078124,0.8,0.1,5,300,0.9,"{'colsample_bytree': 0.8, 'learning_rate': 0.1, 'max_depth': 5, 'n_estimators': 300, 'subsample': 0.9}",0.4166666666666667,0.4166666666666667,0.5416666666666666,0.4583333333333333,0.5416666666666666,0.475,0.05651941652604388,9,,,,,,,,1
66,0.02502131462097168,0.0031890436647530607,0.003012847900390625,0.0024599857462820882,0.8,0.1,7,150,0.7,"{'colsample_bytree': 0.8, 'learning_rate': 0.1, 'max_depth': 7, 'n_estimators': 150, 'subsample': 0.7}",0.4166666666666667,0.4166666666666667,0.5416666666666666,0.4583333333333333,0.5416666666666666,0.475,0.05651941652604388,9,,,,,,,,1
67,0.030177593231201172,0.004113473635281062,0.0018118858337402345,0.0024183581702508067,0.8,0.1,7,150,0.8,"{'colsample_bytree': 0.8, 'learning_rate': 0.1, 'max_depth': 7, 'n_estimators': 150, 'subsample': 0.8}",0.4166666666666667,0.4166666666666667,0.5416666666666666,0.4583333333333333,0.5416666666666666,0.475,0.05651941652604388,9,,,,,,,,1
68,0.022426128387451172,0.0027517078215434504,0.0035238265991210938,0.0020147442535198177,0.8,0.1,7,150,0.9,"{'colsample_bytree': 0.8, 'learning_rate': 0.1, 'max_depth': 7, 'n_estimators': 150, 'subsample': 0.9}",0.4166666666666667,0.4166666666666667,0.5416666666666666,0.4583333333333333,0.5416666666666666,0.475,0.05651941652604388,9,,,,,,,,1
69,0.042046642303466795,0.004119173674915193,0.005934953689575195,0.00416449133734117,0.8,0.1,7,300,0.7,"{'colsample_bytree': 0.8, 'learning_rate': 0.1, 'max_depth': 7, 'n_estimators': 300, 'subsample': 0.7}",0.4166666666666667,0.4166666666666667,0.5416666666666666,0.4583333333333333,0.5416666666666666,0.475,0.05651941652604388,9,,,,,,,,1
70,0.040523862838745116,0.004703589424015859,0.002411651611328125,0.0030233759425284494,0.8,0.1,7,300,0.8,"{'colsample_bytree': 0.8, 'learning_rate': 0.1, 'max_depth': 7, 'n_estimators': 300, 'subsample': 0.8}",0.4166666666666667,0.4166666666666667,0.5416666666666666,0.4583333333333333,0.5416666666666666,0.475,0.05651941652604388,9,,,,,,,,1
71,0.04383606910705566,0.004694261167373282,0.0022192955017089843,0.0027379486399244403,0.8,0.1,7,300,0.9,"{'colsample_bytree': 0.8, 'learning_rate': 0.1, 'max_depth': 7, 'n_estimators': 300, 'subsample': 0.9}",0.4166666666666667,0.4166666666666667,0.5416666666666666,0.4583333333333333,0.5416666666666666,0.475,0.05651941652604388,9,,,,,,,,1
72,0.030249404907226562,0.0031400165627208485,0.0039329051971435545,0.0021216711867194102,0.9,0.01,3,150,0.7,"{'colsample_bytree': 0.9, 'learning_rate': 0.01, 'max_depth': 3, 'n_estimators': 150, 'subsample': 0.7}",0.4166666666666667,0.4166666666666667,0.5416666666666666,0.4583333333333333,0.5416666666666666,0.475,0.05651941652604388,9,,,,,,,,1
73,0.030284547805786134,0.0024168435673660345,0.0037189483642578124,0.0023683474683375543,0.9,0.01,3,150,0.8,"{'colsample_bytree': 0.9, 'learning_rate': 0.01, 'max_depth': 3, 'n_estimators': 150, 'subsample': 0.8}",0.4166666666666667,0.4166666666666667,0.5416666666666666,0.4583333333333333,0.5416666666666666,0.475,0.05651941652604388,9,,,,,,,,1
74,0.02926044464111328,0.0018365575163440517,0.0016041278839111328,0.0020640393323094943,0.9,0.01,3,150,0.9,"{'colsample_bytree': 0.9, 'learning_rate': 0.01, 'max_depth': 3, 'n_estimators': 150, 'subsample': 0.9}",0.4166666666666667,0.375,0.5416666666666666,0.4583333333333333,0.5416666666666666,0.4666666666666667,0.06666666666666665,94,,,,,,,,1
75,0.055969524383544925,0.0017956344966579612,0.0038129806518554686,0.0021448958662251692,0.9,0.01,3,300,0.7,"{'colsample_bytree': 0.9, 'learning_rate': 0.01, 'max_depth': 3, 'n_estimators': 300, 'subsample': 0.7}",0.4166666666666667,0.4166666666666667,0.5416666666666666,0.4583333333333333,0.5416666666666666,0.475,0.05651941652604388,9,,,,,,,,1
76,0.06101326942443848,0.0019050519371710097,0.00040163993835449217,0.0008032798767089843,0.9,0.01,3,300,0.8,"{'colsample_bytree': 0.9, 'learning_rate': 0.01, 'max_depth': 3, 'n_estimators': 300, 'subsample': 0.8}",0.4166666666666667,0.4166666666666667,0.5416666666666666,0.4583333333333333,0.5416666666666666,0.475,0.05651941652604388,9,,,,,,,,1
77,0.05671648979187012,0.0023937260078693732,0.0045196533203125,0.003333457943713916,0.9,0.01,3,300,0.9,"{'colsample_bytree': 0.9, 'learning_rate': 0.01, 'max_depth': 3, 'n_estimators': 300, 'subsample': 0.9}",0.4166666666666667,0.375,0.5416666666666666,0.4583333333333333,0.5416666666666666,0.4666666666666667,0.06666666666666665,94,,,,,,,,1
78,0.030635309219360352,0.0008919241963079893,0.0024114131927490236,0.003018232926594894,0.9,0.01,5,150,0.7,"{'colsample_bytree': 0.9, 'learning_rate': 0.01, 'max_depth': 5, 'n_estimators': 150, 'subsample': 0.7}",0.4166666666666667,0.4166666666666667,0.5416666666666666,0.4583333333333333,0.5416666666666666,0.475,0.05651941652604388,9,,,,,,,,1
79,0.03348546028137207,0.0033823679830482204,0.0037166595458984373,0.003039552519718309,0.9,0.01,5,150,0.8,"{'colsample_bytree': 0.9, 'learning_rate': 0.01, 'max_depth': 5, 'n_estimators': 150, 'subsample': 0.8}",0.4166666666666667,0.4166666666666667,0.5416666666666666,0.4583333333333333,0.5416666666666666,0.475,0.05651941652604388,9,,,,,,,,1
80,0.03354587554931641,0.0038272543274432158,0.004218101501464844,0.003061836222978316,0.9,0.01,5,150,0.9,"{'colsample_bytree': 0.9, 'learning_rate': 0.01, 'max_depth': 5, 'n_estimators': 150, 'subsample': 0.9}",0.4166666666666667,0.375,0.5416666666666666,0.4583333333333333,0.5416666666666666,0.4666666666666667,0.06666666666666665,94,,,,,,,,1
81,0.059479045867919925,0.0060687499724038614,0.0022137641906738283,0.002729970886744167,0.9,0.01,5,300,0.7,"{'colsample_bytree': 0.9, 'learning_rate': 0.01, 'max_depth': 5, 'n_estimators': 300, 'subsample': 0.7}",0.4166666666666667,0.4166666666666667,0.5416666666666666,0.4583333333333333,0.5416666666666666,0.475,0.05651941652604388,9,,,,,,,,1
82,0.062327909469604495,0.004409201796856843,0.0020064830780029295,0.002457439862405821,0.9,0.01,5,300,0.8,"{'colsample_bytree': 0.9, 'learning_rate': 0.01, 'max_depth': 5, 'n_estimators': 300, 'subsample': 0.8}",0.4166666666666667,0.4166666666666667,0.5416666666666666,0.4583333333333333,0.5416666666666666,0.475,0.05651941652604388,9,,,,,,,,1
83,0.0730750560760498,0.004654591615539184,0.004932689666748047,0.0031915027869609423,0.9,0.01,5,300,0.9,"{'colsample_bytree': 0.9, 'learning_rate': 0.01, 'max_depth': 5, 'n_estimators': 300, 'subsample': 0.9}",0.4166666666666667,0.375,0.5416666666666666,0.4583333333333333,0.5416666666666666,0.4666666666666667,0.06666666666666665,94,,,,,,,,1
84,0.031240367889404298,0.002480258660653186,0.005723381042480468,0.0014040017011368736,0.9,0.01,7,150,0.7,"{'colsample_bytree': 0.9, 'learning_rate': 0.01, 'max_depth': 7, 'n_estimators': 150, 'subsample': 0.7}",0.4166666666666667,0.4166666666666667,0.5416666666666666,0.4583333333333333,0.5416666666666666,0.475,0.05651941652604388,9,,,,,,,,1
85,0.03634824752807617,0.0026674139128542588,0.001609039306640625,0.002068272730235694,0.9,0.01,7,150,0.8,"{'colsample_bytree': 0.9, 'learning_rate': 0.01, 'max_depth': 7, 'n_estimators': 150, 'subsample': 0.8}",0.4166666666666667,0.4166666666666667,0.5416666666666666,0.4583333333333333,0.5416666666666666,0.475,0.05651941652604388,9,,,,,,,,1
86,0.03434653282165527,0.002215538501993965,0.0030086517333984377,0.0024565651409424747,0.9,0.01,7,150,0.9,"{'colsample_bytree': 0.9, 'learning_rate': 0.01, 'max_depth': 7, 'n_estimators': 150, 'subsample': 0.9}",0.4166666666666667,0.375,0.5416666666666666,0.4583333333333333,0.5416666666666666,0.4666666666666667,0.06666666666666665,94,,,,,,,,1
87,0.05828094482421875,0.0033227860362992187,0.0027144908905029296,0.0023677058074556335,0.9,0.01,7,300,0.7,"{'colsample_bytree': 0.9, 'learning_rate': 0.01, 'max_depth': 7, 'n_estimators': 300, 'subsample': 0.7}",0.4166666666666667,0.4166666666666667,0.5416666666666666,0.4583333333333333,0.5416666666666666,0.475,0.05651941652604388,9,,,,,,,,1
88,0.06508188247680664,0.00698863836914468,0.002782297134399414,0.0019661755463439303,0.9,0.01,7,300,0.8,"{'colsample_bytree': 0.9, 'learning_rate': 0.01, 'max_depth': 7, 'n_estimators': 300, 'subsample': 0.8}",0.4166666666666667,0.4166666666666667,0.5416666666666666,0.4583333333333333,0.5416666666666666,0.475,0.05651941652604388,9,,,,,,,,1
89,0.0634237289428711,0.0018783746260670475,0.0025087833404541016,0.002244019151573644,0.9,0.01,7,300,0.9,"{'colsample_bytree': 0.9, 'learning_rate': 0.01, 'max_depth': 7, 'n_estimators': 300, 'subsample': 0.9}",0.4166666666666667,0.375,0.5416666666666666,0.4583333333333333,0.5416666666666666,0.4666666666666667,0.06666666666666665,94,,,,,,,,1
90,0.027225255966186523,0.002072687877038528,0.001207447052001953,0.0019413353906721643,0.9,0.1,3,150,0.7,"{'colsample_bytree': 0.9, 'learning_rate': 0.1, 'max_depth': 3, 'n_estimators': 150, 'subsample': 0.7}",0.4166666666666667,0.4166666666666667,0.5416666666666666,0.4583333333333333,0.5416666666666666,0.475,0.05651941652604388,9,,,,,,,,1
91,0.027222681045532226,0.002928182043145484,0.0010016441345214843,0.0020032882690429687,0.9,0.1,3,150,0.8,"{'colsample_bytree': 0.9, 'learning_rate': 0.1, 'max_depth': 3, 'n_estimators': 150, 'subsample': 0.8}",0.4166666666666667,0.4166666666666667,0.5416666666666666,0.4583333333333333,0.5416666666666666,0.475,0.05651941652604388,9,,,,,,,,1
92,0.025011348724365234,0.002455692371739391,0.004011011123657227,0.003223102357913556,0.9,0.1,3,150,0.9,"{'colsample_bytree': 0.9, 'learning_rate': 0.1, 'max_depth': 3, 'n_estimators': 150, 'subsample': 0.9}",0.4166666666666667,0.4166666666666667,0.5416666666666666,0.4583333333333333,0.5416666666666666,0.475,0.05651941652604388,9,,,,,,,,1
93,0.04391937255859375,0.0031812227600489444,0.0020281314849853516,0.0024840845994426276,0.9,0.1,3,300,0.7,"{'colsample_bytree': 0.9, 'learning_rate': 0.1, 'max_depth': 3, 'n_estimators': 300, 'subsample': 0.7}",0.4166666666666667,0.4166666666666667,0.5416666666666666,0.4583333333333333,0.5416666666666666,0.475,0.05651941652604388,9,,,,,,,,1
94,0.051398515701293945,0.009232140219861995,0.0026033878326416015,0.003326714174497952,0.9,0.1,3,300,0.8,"{'colsample_bytree': 0.9, 'learning_rate': 0.1, 'max_depth': 3, 'n_estimators': 300, 'subsample': 0.8}",0.4166666666666667,0.4166666666666667,0.5416666666666666,0.4583333333333333,0.5416666666666666,0.475,0.05651941652604388,9,,,,,,,,1
95,0.04886612892150879,0.00612235062979961,0.004226064682006836,0.0015721689294559567,0.9,0.1,3,300,0.9,"{'colsample_bytree': 0.9, 'learning_rate': 0.1, 'max_depth': 3, 'n_estimators': 300, 'subsample': 0.9}",0.4166666666666667,0.4166666666666667,0.5416666666666666,0.4583333333333333,0.5416666666666666,0.475,0.05651941652604388,9,,,,,,,,1
96,0.028971099853515626,0.003979603747524809,0.0018132686614990234,0.0018397757323726774,0.9,0.1,5,150,0.7,"{'colsample_bytree': 0.9, 'learning_rate': 0.1, 'max_depth': 5, 'n_estimators': 150, 'subsample': 0.7}",0.4166666666666667,0.4166666666666667,0.5416666666666666,0.4583333333333333,0.5416666666666666,0.475,0.05651941652604388,9,,,,,,,,1
97,0.02813858985900879,0.004949854713017803,0.0019392967224121094,0.002191723231238709,0.9,0.1,5,150,0.8,"{'colsample_bytree': 0.9, 'learning_rate': 0.1, 'max_depth': 5, 'n_estimators': 150, 'subsample': 0.8}",0.4166666666666667,0.4166666666666667,0.5416666666666666,0.4583333333333333,0.5416666666666666,0.475,0.05651941652604388,9,,,,,,,,1
98,0.028958845138549804,0.0019429667097162252,0.0,0.0,0.9,0.1,5,150,0.9,"{'colsample_bytree': 0.9, 'learning_rate': 0.1, 'max_depth': 5, 'n_estimators': 150, 'subsample': 0.9}",0.4166666666666667,0.4166666666666667,0.5416666666666666,0.4583333333333333,0.5416666666666666,0.475,0.05651941652604388,9,,,,,,,,1
99,0.04823527336120605,0.0016189214824765326,0.0016300678253173828,0.0010330330321029085,0.9,0.1,5,300,0.7,"{'colsample_bytree': 0.9, 'learning_rate': 0.1, 'max_depth': 5, 'n_estimators': 300, 'subsample': 0.7}",0.4166666666666667,0.4166666666666667,0.5416666666666666,0.4583333333333333,0.5416666666666666,0.475,0.05651941652604388,9,,,,,,,,1
100,0.04203753471374512,0.0018468262479079932,0.0035286903381347655,0.002008732198402227,0.9,0.1,5,300,0.8,"{'colsample_bytree': 0.9, 'learning_rate': 0.1, 'max_depth': 5, 'n_estimators': 300, 'subsample': 0.8}",0.4166666666666667,0.4166666666666667,0.5416666666666666,0.4583333333333333,0.5416666666666666,0.475,0.05651941652604388,9,,,,,,,,1
101,0.03780183792114258,0.008243026616520526,0.002012205123901367,0.0016450252203013744,0.9,0.1,5,300,0.9,"{'colsample_bytree': 0.9, 'learning_rate': 0.1, 'max_depth': 5, 'n_estimators': 300, 'subsample': 0.9}",0.4166666666666667,0.4166666666666667,0.5416666666666666,0.4583333333333333,0.5416666666666666,0.475,0.05651941652604388,9,,,,,,,,1
102,0.02607254981994629,0.0026439268105118287,0.001975727081298828,0.00242017321835879,0.9,0.1,7,150,0.7,"{'colsample_bytree': 0.9, 'learning_rate': 0.1, 'max_depth': 7, 'n_estimators': 150, 'subsample': 0.7}",0.4166666666666667,0.4166666666666667,0.5416666666666666,0.4583333333333333,0.5416666666666666,0.475,0.05651941652604388,9,,,,,,,,1
103,0.02623128890991211,0.0010125161272731386,0.0022059917449951173,0.002042045493584748,0.9,0.1,7,150,0.8,"{'colsample_bytree': 0.9, 'learning_rate': 0.1, 'max_depth': 7, 'n_estimators': 150, 'subsample': 0.8}",0.4166666666666667,0.4166666666666667,0.5416666666666666,0.4583333333333333,0.5416666666666666,0.475,0.05651941652604388,9,,,,,,,,1
104,0.029024600982666016,0.002334640267183514,0.00030126571655273435,0.0006025314331054687,0.9,0.1,7,150,0.9,"{'colsample_bytree': 0.9, 'learning_rate': 0.1, 'max_depth': 7, 'n_estimators': 150, 'subsample': 0.9}",0.4166666666666667,0.4166666666666667,0.5416666666666666,0.4583333333333333,0.5416666666666666,0.475,0.05651941652604388,9,,,,,,,,1
105,0.044242477416992186,0.0022723296798405827,0.0026098251342773437,0.0022503724424999113,0.9,0.1,7,300,0.7,"{'colsample_bytree': 0.9, 'learning_rate': 0.1, 'max_depth': 7, 'n_estimators': 300, 'subsample': 0.7}",0.4166666666666667,0.4166666666666667,0.5416666666666666,0.4583333333333333,0.5416666666666666,0.475,0.05651941652604388,9,,,,,,,,1
106,0.04698214530944824,0.006204423884915399,0.0019314289093017578,0.001366892767833502,0.9,0.1,7,300,0.8,"{'colsample_bytree': 0.9, 'learning_rate': 0.1, 'max_depth': 7, 'n_estimators': 300, 'subsample': 0.8}",0.4166666666666667,0.4166666666666667,0.5416666666666666,0.4583333333333333,0.5416666666666666,0.475,0.05651941652604388,9,,,,,,,,1
107,0.04317383766174317,0.005229524091905337,0.0022915363311767577,0.0002566539670684382,0.9,0.1,7,300,0.9,"{'colsample_bytree': 0.9, 'learning_rate': 0.1, 'max_depth': 7, 'n_estimators': 300, 'subsample': 0.9}",0.4166666666666667,0.4166666666666667,0.5416666666666666,0.4583333333333333,0.5416666666666666,0.475,0.05651941652604388,9,,,,,,,,1
